n,t_mean,t_stdev,t_Q0,t_Q1,t_Q2,t_Q3,t_Q4
10,438241,504886,0,0,0,998100,1.011e+06
20,468091,506319,0,0,0,999225,1.0109e+06
30,250316,440505,0,0,0,248575,1.0094e+06
40,281331,456939,0,0,0,995575,1.009e+06
50,250825,441406,0,0,0,249450,1.0194e+06
60,595100,500157,0,0,997100,1.00002e+06,1.0216e+06
70,374362,491046,0,0,0,998575,1.0035e+06
80,407359,561572,0,0,0,999900,2.0071e+06
90,350147,450854,0,0,0,994975,1.0062e+06
100,749934,439928,0,741900,997700,1.00025e+06,1.0121e+06
